GROUP,PACKAGE,CLASS,INSTRUCTION_MISSED,INSTRUCTION_COVERED,BRANCH_MISSED,BRANCH_COVERED,LINE_MISSED,LINE_COVERED,COMPLEXITY_MISSED,COMPLEXITY_COVERED,METHOD_MISSED,METHOD_COVERED
cafe-pos,com.cafepos.domain.entity,OrderItemAddOn,0,9,0,0,0,4,0,1,0,1
cafe-pos,com.cafepos.domain.entity,Order,9,28,0,0,3,9,1,4,1,4
cafe-pos,com.cafepos.domain.entity,OrderItem,0,20,0,0,0,2,0,1,0,1
cafe-pos,com.cafepos.mapper,PaymentMapper,0,22,0,0,0,3,0,2,0,2
cafe-pos,com.cafepos.mapper,ProductMapper,3,77,2,2,0,22,2,3,0,3
cafe-pos,com.cafepos.mapper,AddOnMapper,10,28,0,0,3,5,1,3,1,3
cafe-pos,com.cafepos.mapper,CategoryMapper,0,27,0,0,0,7,0,4,0,4
cafe-pos,com.cafepos.mapper,OrderMapper,0,104,0,2,0,30,0,6,0,5
cafe-pos,com.cafepos.mapper,PromotionMapper,61,3,2,0,20,1,4,1,3,1
cafe-pos,com.cafepos.mapper,UserMapper,2,50,1,3,0,9,1,5,0,4
cafe-pos,com.cafepos.controller.api,ReportController,12,31,0,0,2,7,2,5,2,5
cafe-pos,com.cafepos.controller.api,PaymentController,0,21,0,0,0,5,0,3,0,3
cafe-pos,com.cafepos.controller.api,AddOnController,18,42,0,0,4,9,3,4,3,4
cafe-pos,com.cafepos.controller.api,ProductController,49,14,0,0,9,4,5,2,5,2
cafe-pos,com.cafepos.controller.api,UserController,34,61,0,0,6,12,4,7,4,7
cafe-pos,com.cafepos.controller.api,CategoryController,11,40,0,0,2,10,2,4,2,4
cafe-pos,com.cafepos.controller.api,PromotionController,0,60,0,0,0,13,0,7,0,7
cafe-pos,com.cafepos.controller.api,AuthController,0,11,0,0,0,4,0,2,0,2
cafe-pos,com.cafepos.controller.api,OrderController,6,72,0,0,1,12,1,7,1,7
cafe-pos,com.cafepos.dto.request,ProfileUpdateRequest,0,15,0,0,0,1,0,1,0,1
cafe-pos,com.cafepos.dto.request,ApplyDiscountRequest,0,9,0,0,0,1,0,1,0,1
cafe-pos,com.cafepos.dto.request,ChangePasswordRequest,0,9,0,0,0,1,0,1,0,1
cafe-pos,com.cafepos.dto.request,ProductRequest,0,18,0,0,0,1,0,1,0,1
cafe-pos,com.cafepos.dto.request,StatusUpdateRequest,0,6,0,0,0,1,0,1,0,1
cafe-pos,com.cafepos.dto.request,LoginRequest,0,9,0,0,0,1,0,1,0,1
cafe-pos,com.cafepos.dto.request,OrderItemsRequest,0,6,0,0,0,1,0,1,0,1
cafe-pos,com.cafepos.dto.request,ResetPasswordRequest,6,0,0,0,1,0,1,0,1,0
cafe-pos,com.cafepos.dto.request,CategoryRequest,0,6,0,0,0,1,0,1,0,1
cafe-pos,com.cafepos.dto.request,PromotionRequest,0,21,0,0,0,1,0,1,0,1
cafe-pos,com.cafepos.dto.request,UpdateUserRequest,0,15,0,0,0,1,0,1,0,1
cafe-pos,com.cafepos.dto.request,CreateUserRequest,0,21,0,0,0,1,0,1,0,1
cafe-pos,com.cafepos.dto.request,PaymentRequest,0,9,0,0,0,1,0,1,0,1
cafe-pos,com.cafepos.dto.request,AddOnRequest,0,9,0,0,0,1,0,1,0,1
cafe-pos,com.cafepos.dto.request,OrderItemRequest,0,12,0,0,0,1,0,1,0,1
cafe-pos,com.cafepos.domain.enums,Role,0,15,0,0,0,3,0,1,0,1
cafe-pos,com.cafepos.domain.enums,PaymentMethod,0,21,0,0,0,4,0,1,0,1
cafe-pos,com.cafepos.domain.enums,DiscountType,0,21,0,0,0,4,0,1,0,1
cafe-pos,com.cafepos.domain.enums,OrderStatus,0,21,0,0,0,4,0,1,0,1
cafe-pos,com.cafepos.exception,ResourceNotFoundException,0,7,0,0,0,2,0,1,0,1
cafe-pos,com.cafepos.exception,GlobalExceptionHandler,37,112,1,1,4,19,3,11,2,11
cafe-pos,com.cafepos.exception,BadRequestException,0,4,0,0,0,2,0,1,0,1
cafe-pos,com.cafepos.exception,ConflictException,0,4,0,0,0,2,0,1,0,1
cafe-pos,com.cafepos.dto.response,SalesSummaryResponse,0,21,0,0,0,1,0,1,0,1
cafe-pos,com.cafepos.dto.response,OrderResponse,0,42,0,0,0,1,0,1,0,1
cafe-pos,com.cafepos.dto.response,LoginResponse,0,15,0,0,0,1,0,1,0,1
cafe-pos,com.cafepos.dto.response,OrderItemResponse,0,24,0,0,0,1,0,1,0,1
cafe-pos,com.cafepos.dto.response,OrderSummaryResponse,0,27,0,0,0,1,0,1,0,1
cafe-pos,com.cafepos.dto.response,CashierSalesResponse,0,15,0,0,0,1,0,1,0,1
cafe-pos,com.cafepos.dto.response,PaymentMethodSalesResponse,0,12,0,0,0,1,0,1,0,1
cafe-pos,com.cafepos.dto.response,CategoryResponse,0,9,0,0,0,1,0,1,0,1
cafe-pos,com.cafepos.dto.response,PaymentResponse,0,21,0,0,0,1,0,1,0,1
cafe-pos,com.cafepos.dto.response,PromotionResponse,0,27,0,0,0,1,0,1,0,1
cafe-pos,com.cafepos.dto.response,CategorySalesResponse,15,0,0,0,1,0,1,0,1,0
cafe-pos,com.cafepos.dto.response,AddOnResponse,0,15,0,0,0,1,0,1,0,1
cafe-pos,com.cafepos.dto.response,UserResponse,0,27,0,0,0,1,0,1,0,1
cafe-pos,com.cafepos.dto.response,DaySalesResponse,9,0,0,0,1,0,1,0,1,0
cafe-pos,com.cafepos.dto.response,OrderQuickStatsResponse,15,0,0,0,1,0,1,0,1,0
cafe-pos,com.cafepos.dto.response,ProductResponse,0,24,0,0,0,1,0,1,0,1
cafe-pos,com.cafepos.dto.response,OrderItemAddOnResponse,0,12,0,0,0,1,0,1,0,1
cafe-pos,com.cafepos.dto.response,TopProductResponse,0,15,0,0,0,1,0,1,0,1
cafe-pos,com.cafepos.dto.response,ApiErrorResponse,0,31,0,0,0,2,0,2,0,2
cafe-pos,com.cafepos.dto.response,PageResponse,0,36,0,0,0,3,0,2,0,2
cafe-pos,com.cafepos.domain.event,OrderPaidEvent,0,24,0,0,0,1,0,1,0,1
cafe-pos,com.cafepos.repository,UserSpecifications,14,22,2,2,1,5,3,2,1,2
cafe-pos,com.cafepos.repository,OrderRepository,0,21,0,4,0,1,0,4,0,2
cafe-pos,com.cafepos.repository,OrderSpecifications,0,70,0,8,0,12,0,9,0,5
cafe-pos,com.cafepos.repository,ProductSpecifications,14,57,2,6,1,9,3,6,1,4
cafe-pos,com.cafepos.common,ShopTime,0,9,0,0,0,2,0,2,0,2
cafe-pos,com.cafepos.common,CurrentUser,0,29,1,3,0,3,1,3,0,2
cafe-pos,com.cafepos.service.listener,SaleAuditLogListener,0,43,0,0,0,5,0,3,0,3
cafe-pos,com.cafepos.service.discount,FixedAmountDiscount,0,31,1,5,0,7,1,5,0,3
cafe-pos,com.cafepos.service.discount,NoDiscount,0,9,0,0,0,3,0,3,0,3
cafe-pos,com.cafepos.service.discount,PercentDiscount,0,31,1,5,0,6,1,6,0,4
cafe-pos,com.cafepos.config,SpaConfig,0,33,0,0,0,7,0,3,0,3
cafe-pos,com.cafepos.config,SpaConfig.new PathResourceResolver() {...},27,3,10,0,6,1,6,1,1,1
cafe-pos,com.cafepos.config,SecurityConfig,9,265,3,1,2,44,2,18,0,18
cafe-pos,com.cafepos,CafePosApplication,8,0,0,0,3,0,2,0,2,0
cafe-pos,com.cafepos.service.impl,PromotionServiceImpl,160,15,14,0,29,5,17,2,10,2
cafe-pos,com.cafepos.service.impl,ReportServiceImpl,161,194,5,5,30,33,10,16,7,14
cafe-pos,com.cafepos.service.impl,AddOnServiceImpl,45,109,4,4,8,21,5,9,2,8
cafe-pos,com.cafepos.service.impl,PaymentServiceImpl,0,164,0,6,0,31,0,11,0,8
cafe-pos,com.cafepos.service.impl,CategoryServiceImpl,37,94,1,5,6,19,3,8,2,6
cafe-pos,com.cafepos.service.impl,AuthServiceImpl,0,101,0,4,0,21,0,7,0,5
cafe-pos,com.cafepos.service.impl,OrderServiceImpl,108,529,11,17,16,91,12,29,6,21
cafe-pos,com.cafepos.service.impl,UserServiceImpl,88,225,12,10,18,43,10,12,3,8
cafe-pos,com.cafepos.service.impl,ProductServiceImpl,38,165,3,7,9,28,5,13,3,10
cafe-pos,com.cafepos.domain.state,CancelledOrderState,0,20,0,0,0,4,0,4,0,4
cafe-pos,com.cafepos.domain.state,PendingOrderState,0,10,0,0,0,4,0,4,0,4
cafe-pos,com.cafepos.domain.state,OrderState,0,11,0,3,0,4,0,3,0,1
cafe-pos,com.cafepos.domain.state,PaidOrderState,0,20,0,0,0,4,0,4,0,4
